,dissimilarity,correlation,homogeneity,contrast,ASM,energy,label
0,7.087950089126561,0.4441636156833449,0.19927754621502858,123.95896613190736,0.0018626491400319668,0.043158419109508246,DagingBabi
1,6.926877202493901,0.676402697556253,0.17963777810571863,109.82210626185957,0.0011752022838883984,0.03428122348879045,DagingBabi
2,6.728119839584805,0.8914952806987654,0.16405544160326338,89.05075882676728,0.0006343142463365033,0.02518559600915776,DagingBabi
3,7.843623709025595,0.915137460091641,0.1527276042755514,127.88740458015268,0.0005545275191454673,0.02354840799598706,DagingBabi
4,10.753565942506034,0.4736145595259896,0.15247554002219402,315.08711871845503,0.0011135737609618377,0.033370252635571064,DagingBabi
5,9.665210239539421,0.4147263219446995,0.15445526750229052,221.014752750077,0.0012028834387581206,0.03468261003382128,DagingBabi
6,6.472431077694235,0.6764554076751397,0.19267017377335402,100.68208564890486,0.0014876288109303484,0.03856979142969726,DagingBabi
7,10.236605537576411,0.7180282105009015,0.11680261274514482,199.4350952894642,0.0005410431019758184,0.023260333230111264,DagingBabi
8,11.18731176527737,0.6101404928327038,0.1101123600289538,226.79860099096467,0.0005534442883175157,0.023525396666528618,DagingBabi
9,11.085746951219512,0.6002283263495258,0.10742919132855823,220.10556402439028,0.00046125335461386226,0.02147680969357093,DagingBabi
10,13.829186650679455,0.39361733665547016,0.1280313295905057,444.7885191846522,0.0007627828093240835,0.027618522938855427,DagingBabi
11,7.106560222145092,0.8555261232240682,0.17188635035749583,113.51151220640985,0.0006393768211912466,0.025285901628995685,DagingBabi
12,5.348473566641847,0.8588858743762232,0.22007117919579156,80.92280963018118,0.0010533404678412933,0.03245520709903564,DagingBabi
13,4.488288557958542,0.49241994035188225,0.26184989499115685,52.796677392801016,0.004885771006401423,0.06989829043976271,DagingBabi
14,8.361416704086215,0.869832506220387,0.13639795963101758,159.85400763358777,0.0005366736312057052,0.023166217455719982,DagingBabi
15,7.927678160919543,0.5525695793079511,0.1736902849656111,193.81613793103455,0.0010103527546571555,0.03178604654022195,DagingBabi
16,7.904053612291601,0.55958914213674,0.19621108754412048,224.06064073226545,0.0010864287206258936,0.0329610181976512,DagingBabi
17,7.384835194045719,0.7330404302029268,0.16662416427370588,152.67384370015947,0.0007032779307880563,0.026519387828305093,DagingBabi
18,6.027679391315758,0.7135780593606127,0.21217578849490543,104.59346713892172,0.001602390609045113,0.04002987145926293,DagingBabi
19,5.973956630707205,0.9041222423603025,0.17237478280664986,66.66623079437727,0.0006886067949269684,0.02624131846777079,DagingBabi
20,7.398365148365146,0.7688952778909541,0.1768030447970109,146.50902475902473,0.0011113070908005697,0.033336272899059514,DagingBabi
21,8.725116362334406,0.7499273789741718,0.13169889293135137,171.4626745435016,0.0006357941776593804,0.025214959402294908,DagingBabi
22,7.796186895810955,0.6966972043678911,0.1948251225500247,195.55209452201933,0.001159123633530144,0.034045904798230046,DagingBabi
23,5.97,0.7620547622590544,0.21240184686236352,72.58903225806452,0.0016769925533298645,0.040951099537495504,DagingBabi
24,11.851375445746305,0.9100598443752624,0.1511650868632054,351.43729835286103,0.00038766311447924575,0.01968916236103623,DagingBabi
25,7.28139037433155,0.7541147134977405,0.2312467833141561,177.65486631016043,0.0013146621928628852,0.03625827068218898,DagingBabi
26,8.94978075618433,0.7636397418715238,0.18310817248966602,201.9919748490113,0.0007833442573470516,0.02798828786022917,DagingBabi
27,8.085775401069519,0.8208727566449595,0.18663769293357046,157.13012477718365,0.0009007311237572329,0.030012182922227314,DagingBabi
28,8.293426389883084,0.5417506827139408,0.1422979174372096,137.3345860176569,0.0009565558042961814,0.03092823635929119,DagingBabi
29,9.455272431553265,0.46473281364455027,0.14483208881363976,212.68134995933855,0.0011013066547546982,0.03318594061880269,DagingBabi
30,3.775526556776557,0.88334407368237,0.23769685067993931,26.03376831501832,0.0019977083689738232,0.044695730992722595,DagingBabi
31,4.711448275862069,0.9480211519296646,0.2099091588716589,43.14832183908047,0.0008224431232659536,0.0286782691818379,DagingBabi
32,7.4048382395802985,0.5178753017692278,0.18707207236020024,137.72369571553486,0.0015969514294042802,0.03996187469832065,DagingBabi
33,6.814698052402968,0.7213543294832834,0.17226862544313173,102.40177945915647,0.0011798770550209019,0.034349338494662485,DagingBabi
34,4.4561403508771935,0.6508453398085797,0.23579559171251618,44.98191129998911,0.0028725145153914835,0.05359584419888806,DagingBabi
35,4.116235167206041,0.8739614529973793,0.26264720135763686,45.58225458468177,0.0016270365857805596,0.040336541569407754,DagingBabi
36,8.053099593495935,0.8773522978465512,0.15230315884953907,119.33498475609758,0.0005196783088614993,0.022796453865930537,DagingBabi
37,7.609437229437226,0.5943938710764769,0.17465573505939702,169.90415584415575,0.0012599726391934168,0.03549609329480382,DagingBabi
38,10.545296599652517,0.388142981207243,0.15059882031001331,316.4046496235624,0.0008170499339374205,0.028584085326233907,DagingBabi
39,6.601931034482762,0.5463500157795,0.18624506147675604,92.87383908045982,0.00162259426608535,0.04028143823258239,DagingBabi
40,1.508018826810773,0.9155409999618874,0.4767723705785939,4.381983788024057,0.010283512776965452,0.10140765640209545,DagingBabi
41,7.847200000000003,0.9391779723864366,0.14972413129846393,124.67144615384618,0.00037679337278106524,0.019411166188074976,DagingBabi
42,5.810949298813377,0.8697470237600409,0.186936318411764,71.49163969795038,0.0009790544263153125,0.03128984541852696,DagingBabi
43,3.8336439888164024,0.644120213745531,0.2303520247714841,24.37185461323392,0.0031378109799872827,0.05601616713045692,DagingBabi
44,5.216800000000001,0.9086612472834926,0.22081656643629755,67.31169230769231,0.0009759147928994088,0.031239634967448145,DagingBabi
45,3.877177419354838,0.8911105818534751,0.2635929497788721,34.26177419354838,0.0019416444458896973,0.04406409474719408,DagingBabi
46,7.256854256854258,0.4649930761486241,0.16215512385768627,103.07949626131445,0.0016136278926518993,0.04016998746143567,DagingBabi
47,4.712554112554113,0.9258650228395614,0.22826721875937275,42.235151515151514,0.0016711793257247801,0.04088006024610018,DagingBabi
48,3.7060041407867494,0.7583458777929766,0.31285689485386475,33.338999673095785,0.00311104024683566,0.055776699856083814,DagingBabi
49,8.63102438102438,0.5520134807099941,0.11939838528566467,127.72382347382344,0.0007933761595640254,0.028166933797700192,DagingBabi
50,4.189723069105693,0.7729432695108162,0.23796413854966067,36.90110518292684,0.0020172645618772326,0.04491396844943934,DagingBabi
51,7.102372501401085,0.8100798600593322,0.14216923718343194,84.71567345413789,0.0007520038050423234,0.027422687779324686,DagingBabi
52,8.175691310887427,0.5686909200448569,0.15048745810285774,144.65735277102863,0.0009627022094310389,0.03102744284389287,DagingBabi
53,6.909521590556074,0.9102399839236754,0.16725932200651744,115.27127990059029,0.0005225543215227312,0.02285944709573552,DagingBabi
54,8.413751770731176,0.7693043740651262,0.11365007614917422,118.81900403181868,0.0005333537115621419,0.02309445196496643,DagingBabi
55,7.531881454872021,0.6322590612769631,0.17177385512827076,138.45969914683428,0.0012201416959150742,0.03493052670537726,DagingBabi
56,3.1246153846153852,0.9844816745179735,0.30456180498497704,19.340738461538464,0.002638280710059173,0.051364196772257356,DagingBabi
57,8.217040707276793,0.6475943281904335,0.13123110555978476,125.10084523462551,0.0008230985529220689,0.028689694193596224,DagingBabi
58,6.215234480889131,0.8925972933101928,0.16675971786976893,70.46719978313908,0.0006986168097648565,0.026431360346468293,DagingBabi
59,9.333825635517364,0.5325173944411739,0.117798062597035,153.19848728965272,0.000720111923074014,0.026834901212302125,DagingBabi
60,6.943450250536866,0.8471090393978232,0.15813710486736773,89.79348604151755,0.0008049803748826968,0.02837217606886537,DagingBabi
61,5.11233440744719,0.9125966960837588,0.19965647002320763,48.338077336197635,0.0008910368281708823,0.02985024000189751,DagingBabi
62,6.882687263188574,0.7120116241404197,0.14313624034095382,80.49591955698045,0.0009167938236070014,0.03027860339591312,DagingBabi
63,9.95084037695521,0.5837748793247605,0.10786191590171995,177.9112017876226,0.0005873696382384928,0.024235709980078835,DagingBabi
64,10.850319744204635,0.5602400142432943,0.11625750053110254,219.8558153477218,0.0006147722209921912,0.024794600641917814,DagingBabi
65,7.944521578155736,0.5647848530726486,0.15889397735650018,121.9298276061553,0.0012853984264749678,0.035852453562831205,DagingBabi
66,7.124450439648283,0.6173130157047195,0.18276685781845114,124.09667266187051,0.0011489596791791196,0.033896307751422126,DagingBabi
67,6.999066055357445,0.4355881636954161,0.19504363183669038,135.29037187977576,0.0018624674422707886,0.04315631404870889,DagingBabi
68,10.632031477703288,0.7056215313391344,0.12473800148964662,272.3014184397162,0.0005425802477641193,0.023293352007903872,DagingBabi
69,18.069488929118492,0.5768243603093652,0.08917341311386967,616.6962818548943,0.00026894444174998676,0.016399525656249535,DagingBabi
70,13.480123076923089,0.4470133298314077,0.1839258559884063,672.3106461538467,0.0018443644970414224,0.0429460649773809,DagingBabi
71,29.826734076734063,0.26844667879810463,0.07261412154027738,1825.8801266301261,0.0003560464307487551,0.018869192636378353,DagingBabi
72,20.66856968534822,0.56407611445911,0.07797119011825646,986.0064063453333,0.00018351572386812436,0.013546797550274542,DagingBabi
73,11.873168498168505,0.5745398520845855,0.13116567314657068,337.633241758242,0.0008116728261817559,0.028489872344076163,DagingBabi
74,11.629218539073054,0.3476140465246469,0.1618869649062801,403.164691765412,0.0015338150521602488,0.039163950926333374,DagingBabi
75,13.95385514018691,0.3298373864367393,0.12109825025107188,429.0788551401867,0.0005867511265577059,0.02422294628152624,DagingBabi
76,8.67031686859273,0.7805206972471045,0.2080568420160958,283.53036657347013,0.0010683305988123295,0.0326853269650516,DagingBabi
77,12.087799774666017,0.4989117267782419,0.11728293209929964,341.8821020441009,0.0006230899479238674,0.02496176972740249,DagingBabi
78,7.0683774654026355,0.5757359434193104,0.17427321242476607,116.96812683883621,0.0015125509382991704,0.0388915278473239,DagingBabi
79,11.526041666666671,0.3728262529023413,0.09147483151970502,252.2583841463416,0.0005479810478840311,0.023408995020804096,DagingBabi
80,17.197922077922087,0.42206088942053327,0.07305321236730686,500.507878787879,0.00028425629204850017,0.01685990189913631,DagingBabi
81,8.84479054779806,0.4807786340730567,0.124544679073102,165.94038668098807,0.0008828726527074151,0.02971317305013746,DagingBabi
82,16.18202764976959,0.5592768139247141,0.10718233092292316,565.1418696510865,0.00047245532883671035,0.02173603756062062,DagingBabi
83,11.028603193854863,0.7749496487429594,0.13126797794658301,303.95664038811407,0.0005130030230693995,0.02264957004160122,DagingBabi
84,10.019364092756394,0.736709312105177,0.17523440090568648,265.8022950035859,0.0006900561560575919,0.026268919963667935,DagingBabi
85,9.689189189189197,0.5056495247907805,0.16832230111102564,266.2353215284252,0.0008492751758089045,0.029142326190764258,DagingBabi
86,7.07874762808349,0.9268930704056721,0.17835895084364387,110.07834101382484,0.000525481049982581,0.022923373442462192,DagingBabi
87,6.986797141969558,0.8248213607698746,0.16576628930550646,112.41379310344831,0.0007090296421690841,0.026627610523084568,DagingBabi
88,9.965370493991983,0.4614667320824701,0.1364374924787404,277.5469793057408,0.0010092868595599643,0.031769275401871605,DagingBabi
89,6.220810760321314,0.5293802465351303,0.17122821982955325,75.22660190547354,0.001602983834118971,0.04003728055349128,DagingBabi
90,12.055368421052627,0.41853586327749387,0.09612884363739298,264.0077894736841,0.0007047313019390577,0.02654677573527636,DagingBabi
91,7.037106446776615,0.6987808755974667,0.17632483674494762,120.36569215392309,0.001197216546649215,0.03460081713846098,DagingBabi
92,7.077922077922079,0.7151241884016365,0.1800490464688672,127.23494687131053,0.001006605922351334,0.03172705347729811,DagingBabi
93,6.6720530543620375,0.5926748555260529,0.18812952037437977,121.89697365963004,0.0013124590183729243,0.03622787626087022,DagingBabi
94,6.02069896505175,0.6984847320425108,0.19175337514458166,84.75281235938206,0.0013533437247441665,0.036787820331519595,DagingBabi
95,4.751884057971015,0.8774286615023422,0.2215829813448438,50.02753623188406,0.0013083884688090744,0.03617165283490754,DagingBabi
96,10.283351312477528,0.69223843723924,0.1186067344009162,222.8966199208918,0.0005528861601448474,0.02351353142649669,DagingBabi
97,10.773263157894732,0.6194156879880287,0.11619194447387528,254.91242105263143,0.0005319224376731296,0.02306344375138131,DagingBabi
98,10.533799533799538,0.6350027909609738,0.12417839574678317,256.5097125097126,0.0005751426388081402,0.02398213165688447,DagingBabi
99,9.454513523006675,0.7084858501707364,0.13727250086506196,192.26975763962068,0.0007412334158584719,0.027225602212962562,DagingBabi
100,14.641960784313733,0.5348867499980375,0.10061246001269292,495.0602614379087,0.00048684693921141484,0.022064608294991662,DagingBabi
101,12.954682365826944,0.637425621991218,0.09948752037733326,370.42264512595835,0.00045617099484265844,0.02135815991237678,DagingBabi
102,9.9518947368421,0.631953156630479,0.12803694284274494,218.9874736842104,0.0007656675900276998,0.027670699124302946,DagingBabi
103,9.943833333333332,0.3565758787299693,0.16712266466406545,300.4464999999999,0.0011860694444444434,0.03443935894357564,DagingBabi
104,10.524193548387096,0.9203936268717903,0.12057425449302167,234.35883708322035,0.00029540340344989076,0.017187303553783263,DagingBabi
105,3.5298550724637687,0.7002117410499911,0.26234841089010846,23.493768115942032,0.003610932577189668,0.0600910357473531,DagingBabi
106,11.21626348003497,0.9002180365007402,0.14462813838141492,349.1686583114737,0.000400793192001321,0.020019819979243594,DagingBabi
107,13.059609497807559,0.7941687304452235,0.08929612810650651,323.84896996773386,0.00028964944172947483,0.017019090508293176,DagingBabi
108,6.759753846153847,0.7070939925174028,0.15034714734551224,83.1676307692308,0.0010013386982248523,0.03164393619992387,DagingBabi
109,18.504623791509026,0.3210251143150754,0.07387186024268942,661.7848535799352,0.00029976871913489395,0.01731383028491656,DagingBabi
110,21.089841269841255,0.3054231194061535,0.0726963122374953,827.024973544973,0.000265089163237311,0.016281558992839444,DagingBabi
111,22.312193527296515,0.38058995311544214,0.09034525289912194,1253.8084341288009,0.00034403994218339573,0.01854831372883788,DagingBabi
112,13.25845584455638,0.2846103338731992,0.12939354865959257,561.9912614372363,0.0007804469966763755,0.027936481465574283,DagingBabi
113,7.209523809523807,0.5025738005060879,0.13600491194687056,92.23272727272723,0.0012346695151889942,0.03513786440848382,DagingBabi
114,6.435080106809077,0.8506346313373133,0.16767839836494258,107.36164886515351,0.0007779829603690542,0.02789234591010685,DagingBabi
115,19.254494786048188,0.09180711420646787,0.06017422506985535,629.2816432937792,0.00032438099959386936,0.01801058021258253,DagingBabi
116,19.82472235634958,0.22522551752917336,0.07248520925197352,728.713664896185,0.00035444014951904913,0.018826580930138354,DagingBabi
117,7.978137516688916,0.18912023240079376,0.15641168642825964,129.69058744993322,0.0019466494099386626,0.04412085005911222,DagingBabi
118,10.231740481740482,0.9230710947202257,0.1252458327018891,292.2156177156177,0.0003621768081266916,0.019030943437641015,DagingBabi
119,12.772114347357064,0.17842363781140666,0.1270379796762685,405.58944624235875,0.0011814935451575205,0.03437286059026104,DagingBabi
120,20.446227688615586,0.2172933035853064,0.08456046442746204,1016.8012599370039,0.00043514304710743257,0.02086008262465498,DagingBabi
121,9.515873015873009,0.728422801324217,0.16304135877407283,343.2263492063489,0.0006057935108199645,0.024612872868073822,DagingBabi
122,14.253877356239565,0.39330145020636365,0.09342971009712304,375.56215700310196,0.0004458215987139049,0.021114487886612476,DagingBabi
123,11.436311163583884,0.9239574737523627,0.10126096007135604,266.68070313524845,0.00021168426592203877,0.014549373385889812,DagingBabi
124,8.682364167040861,0.731179187229983,0.15647649890185836,189.63993039964078,0.000710973511799205,0.026664086554750097,DagingBabi
125,22.67963664626445,0.14266060008684456,0.06763948178214566,928.9498202662,0.00034269039648735997,0.0185118987812531,DagingBabi
126,6.886786995256282,0.556088151407815,0.2083526126142373,141.12015503875978,0.00213587891715461,0.04621557007280782,DagingBabi
127,13.31806080986408,0.6218388048487591,0.12811697034192152,512.9216757741344,0.0004520187568237783,0.021260732744281845,DagingBabi
128,11.47892271662763,0.23958886882055952,0.10219031439602366,263.3829039812645,0.0008656655688343592,0.029422195173616113,DagingBabi
129,11.368654311039478,0.5148760828654106,0.1292764575872548,402.03142626913757,0.000678271954527066,0.026043654784362852,DagingKuda
130,14.050629447181176,0.38413297567547494,0.09883941981763901,480.26245210727984,0.0006277844735463223,0.025055627582368043,DagingKuda
131,22.12319624819626,0.3498612520569492,0.056867762453860396,896.4496753246755,0.0002559707308083933,0.015999085311616826,DagingKuda
132,10.886431784107948,0.8071903325797173,0.09624322006028484,206.6208145927037,0.00041542041323166525,0.020381864812417563,DagingKuda
133,19.3295033358043,0.20207305183400512,0.07140196147636879,948.9403261675316,0.00040098821244740485,0.020024690071194732,DagingKuda
134,18.59616666666666,0.16887105606225533,0.07139915581072706,883.0754999999996,0.000410930555555555,0.020271422139444363,DagingKuda
135,8.559666666666667,0.6757687974825951,0.12359648377852316,172.30433333333332,0.0007214444444444439,0.026859717877231026,DagingKuda
136,14.803564433999211,0.7350603481483444,0.09188139514509533,512.0487661574616,0.00034526556393413776,0.018581322986648118,DagingKuda
137,10.0989010989011,0.8194020557049536,0.09985536365439025,171.32703296703295,0.0004567081270377974,0.021370730615442174,DagingKuda
138,6.246258945998697,0.7398881252592866,0.2003922832873082,110.32303188028625,0.0017080841308025965,0.041328974470734164,DagingKuda
139,9.361998466649624,0.9042581617556696,0.1473976181420904,222.2268080756452,0.0004452760523758206,0.021101565164125164,DagingKuda
140,22.859662195727772,0.6185617566843599,0.053291049584583014,945.681818181818,0.0002583492939213542,0.016073247771416773,DagingKuda
141,8.554743339831063,0.8277190497368476,0.11958570875534444,134.40789473684214,0.0006087923645177728,0.02467371809269476,DagingKuda
142,7.7815238095238115,0.8341981067245067,0.14290011981517345,131.46876190476195,0.0008408526077097508,0.02899745864226296,DagingKuda
143,7.108954922175056,0.9430227825285997,0.1500135357981989,90.6692945219325,0.00043559568499063625,0.0208709291836908,DagingKuda
144,4.770404777704049,0.9559039326413246,0.19697073715105184,38.49325370493255,0.0007584493749119659,0.02753995960258413,DagingKuda
145,8.960201429499676,0.48196086282230405,0.14305248058729858,192.8130279402209,0.0011987570513413224,0.03462307108477413,DagingKuda
146,9.224630290668028,0.7172275483016229,0.12679929871572931,174.33766785653583,0.0006782024247603035,0.026042319880538744,DagingKuda
147,13.884199134199127,0.3770064177637908,0.07653210307449475,333.23629148629135,0.000506377941442876,0.022502842963565205,DagingKuda
148,8.333009880028234,0.5644542759572336,0.1471295260834772,156.64299576570224,0.0012236226392494808,0.034980317883768305,DagingKuda
149,10.401948590381428,0.8068078509138316,0.1195134939240837,220.76637645107803,0.0007760955105621701,0.02785849081630536,DagingKuda
150,16.984639016897084,0.5668616189164168,0.10710002723246524,727.0570550800967,0.0005265274436418442,0.022946185819038515,DagingKuda
151,14.7080315467568,0.5297520294641654,0.12578511302855114,520.2604216964429,0.0007460680992946135,0.027314247185207457,DagingKuda
152,5.409944515578318,0.602116595028407,0.1770420577436037,54.765898420828,0.0018954991475775588,0.0435373305058723,DagingKuda
153,19.047008547008552,0.4648056942275442,0.06351417234145158,647.3962703962707,0.00025608537409236697,0.01600266771798899,DagingKuda
154,22.836858597728146,0.29238140156865133,0.060861676337236624,1109.8587935761839,0.0003339312336400157,0.018273785421745976,DagingKuda
155,11.369654735508398,0.6620070266006328,0.09796782301189534,233.14507443775744,0.00044128422702555315,0.021006766220090924,DagingKuda
156,14.968285714285727,0.5149880493653178,0.10076269572980803,519.2768571428576,0.00046459863945578285,0.02155455031903433,DagingKuda
157,4.911907536907537,0.925767193351996,0.1904742637414715,41.44065656565657,0.0011034301535467036,0.033217919163407925,DagingKuda
158,17.154494382022467,0.39824065940845044,0.10161136414553312,762.105537720706,0.0004368625580097796,0.020901257330834897,DagingKuda
159,13.257368421052627,0.5916219644000251,0.09281880412745125,380.88810526315774,0.00042359556786703576,0.02058143745871594,DagingKuda
160,12.992473486144366,0.7428141977650625,0.1041507366754842,413.2032158741017,0.0004300129366711729,0.02073675328182242,DagingKuda
161,6.506594202898552,0.9138525374791451,0.15760131224062665,77.2567391304348,0.0005489314219701746,0.02342928556252142,DagingKuda
162,17.01625457875459,0.6746484181888573,0.07879416711210349,606.9956501831506,0.00030600373470394124,0.01749296243361716,DagingKuda
163,16.578857142857146,0.5778287339562628,0.10501399043496486,728.389904761905,0.0004733424036281182,0.021756433614637263,DagingKuda
164,11.243708745874589,0.46118291270028194,0.12026992207498055,376.6758457095709,0.0006995724905101895,0.02644943270677444,DagingKuda
165,13.801538461538456,0.6483713556693299,0.1042571108843536,497.3329670329668,0.0009118705470353816,0.030197194357015712,DagingKuda
166,12.560000000000006,0.7539885347690576,0.1454967378548815,510.71738562091525,0.0007239437823059514,0.02690620341679501,DagingKuda
167,17.164565826330545,0.49472986301472205,0.12144278511094403,865.7920168067233,0.00047589842037032735,0.02181509615771444,DagingKuda
168,13.353574504737288,0.7487979050908993,0.10558466661842532,475.6047947171975,0.0004684683548467104,0.021644129801096427,DagingKuda
169,12.903066812705367,0.7218074820086119,0.11514659666575706,381.0161555312158,0.00047679016374169375,0.021835525268279986,DagingKuda
170,10.778681318681318,0.7371184802606775,0.13798839309856265,421.95186813186814,0.0007339451757034173,0.027091422548537705,DagingKuda
171,13.803496081977089,0.553984863922593,0.11391847654964908,537.3851717902348,0.00042819029016295904,0.020692759365608035,DagingKuda
172,12.401960784313733,0.4823759950813166,0.15564439076214504,519.4985994397762,0.0008372902537921495,0.028935968167527235,DagingKuda
173,9.239436619718312,0.3647137605806062,0.23619959968396095,549.3589415279558,0.002303425956741498,0.047994020010221045,DagingKuda
174,17.08816666666666,0.5643875634499101,0.09899192916030364,841.5778333333328,0.000591041666666666,0.024311348516005155,DagingKuda
175,14.516308376575239,0.32731978243258963,0.11111304023465023,645.3565604151223,0.0005476216905035219,0.02340131813602648,DagingKuda
176,9.267241379310347,0.8605265249104348,0.1425244510234197,178.16129435282366,0.0004557940919595177,0.02134933469594586,DagingKuda
177,8.669016842929883,0.8802290229809145,0.13259271389227545,175.56521739130426,0.0004980776515543793,0.02231765336128284,DagingKuda
178,15.227261369315348,0.6724046757282668,0.08977575283503154,559.6338080959522,0.00026882485793584983,0.016395879297428664,DagingKuda
179,10.963235294117649,0.8942355062848434,0.11311703955641225,293.7412464985995,0.0004415982079106154,0.02101423821866059,DagingKuda
180,17.22761194029851,0.6104651316420625,0.09306538515788956,791.1305970149253,0.0006396379765077324,0.025291065151703918,DagingKuda
181,6.518562091503271,0.7947399772128882,0.16853401767534087,83.5745098039216,0.0009799307958477516,0.03130384634270606,DagingKuda
182,11.095816993464055,0.8619430944390445,0.1423060073884019,309.37686274509815,0.000746183091973173,0.027316352098572257,DagingKuda
183,5.764313312258517,0.9695315857316398,0.2277905850827783,102.11520899192132,0.002006407079519368,0.04479293559836604,DagingKuda
184,9.289198606271778,0.8106656479853018,0.13491805567511644,189.21476084890725,0.0005392359056689969,0.023221453564947155,DagingKuda
185,5.409579667644184,0.9439908022554331,0.17375736755573215,47.9142228739003,0.0007111454866515884,0.026667311200261425,DagingKuda
186,7.515470974808325,0.794361705226584,0.13517144538379114,108.22713581599126,0.0008807384271727958,0.02967723752596922,DagingKuda
187,6.317273795534663,0.634362948966569,0.17017189562793825,78.33529181355266,0.0013299714674056872,0.03646877386759373,DagingKuda
188,8.915816993464048,0.9371020343934199,0.14624957298559535,212.14248366013067,0.00039643726771754407,0.019910732475666083,DagingKuda
189,35.30102564102563,0.2337183535137357,0.11770665578955404,3612.3420512820494,0.0007796844181459559,0.027922829694462484,DagingKuda
190,15.499163279942627,0.6906927514092767,0.08729045336851951,492.57948840545066,0.0002766468377262589,0.016632703860955948,DagingKuda
191,9.114666666666668,0.7142402379505302,0.13711033868934547,228.793,0.0007227083333333331,0.026883235172377097,DagingKuda
192,7.263134057971013,0.580467057098501,0.20487852953539654,300.00543478260863,0.0016195276809625072,0.04024335573684813,DagingKuda
193,11.289523809523809,0.8947864276194144,0.10289955462776179,267.26057142857144,0.0004552743764172334,0.021337159520827355,DagingKuda
194,18.025829627095437,0.5098475686364526,0.08972694019373118,778.7918234690381,0.0003675416778393169,0.019171376524373958,DagingKuda
195,9.654188287620464,0.7180455563519027,0.16964394175710737,336.9369903632321,0.0006680160358193012,0.025846006187016615,DagingKuda
196,6.410298698918821,0.9002250747371278,0.15066320568434563,68.43705332600331,0.0007234413257543973,0.026896864608247507,DagingKuda
197,13.056065885334181,0.5476911416504884,0.08887772658696656,340.44440924928745,0.00042472901373370346,0.020608954697744944,DagingKuda
198,5.823602100710534,0.9582361822176492,0.1801092026718896,62.92709298733396,0.0008829309777309377,0.029714154501364123,DagingKuda
199,18.098912167606755,0.6542638482975212,0.06942124640708228,713.2491941982267,0.00037489911244927964,0.019362311650453302,DagingKuda
200,26.919218372280397,0.41141542898046735,0.05810224946285905,1739.6992344883147,0.00025319285154482105,0.01591203480214963,DagingKuda
201,20.00881316098707,0.7940305159118615,0.08436742905057928,913.2935761848803,0.0002788321965249364,0.016698269267350328,DagingKuda
202,19.077948717948722,0.7816847801713319,0.0819238965439323,756.4041025641029,0.0003149243918474691,0.017746109203075164,DagingKuda
203,12.738510007412899,0.4044745977499986,0.11256099826356915,408.4731282431431,0.0007074262515516802,0.026597485812604172,DagingKuda
204,17.79314285714286,0.2795869306976803,0.08756606111813112,795.553523809524,0.0004700589569160997,0.021680843085915724,DagingKuda
205,8.43432715551974,0.6277733061831213,0.13274019285491243,176.27679290894437,0.0008163531658399781,0.028571894684111834,DagingKuda
206,9.446106597979,0.762199578790113,0.13968126645917592,197.37893798296025,0.0007411361535232385,0.027223815925091002,DagingKuda
207,16.515940143135985,0.5460846456300635,0.10125072924780193,725.0013012361748,0.0006060124392082698,0.024617319903033102,DagingKuda
208,7.823477751756442,0.8487495396674273,0.12364670557385708,116.78307962529271,0.0006398118236813668,0.025294501846871126,DagingKuda
209,15.756060606060604,0.4966707735485521,0.09804695061382736,711.0778787878787,0.0007376951331496778,0.02716054368288083,DagingKuda
210,12.617042707493951,0.5423564857448397,0.08857713497180458,338.52195809830766,0.0004873120309905773,0.02207514509557247,DagingKuda
211,11.469887955182077,0.8816867734652141,0.11524563632770304,259.44607843137265,0.00042002094955629347,0.02049441264238362,DagingKuda
212,13.22498146775389,0.7029655269341463,0.0992082637945862,405.73128243143066,0.0005576674317686383,0.023614983204919674,DagingKuda
213,17.996176470588228,0.7699262515699369,0.084336857172504,805.4844117647054,0.00024762110726643565,0.015735981293406386,DagingKuda
214,12.378048780487807,0.7079642325202935,0.15369004036185813,690.9146341463415,0.0007307872485526481,0.02703307693461194,DagingKuda
215,17.21934978456717,0.7503002479083001,0.06361329123952639,568.1652957305129,0.00027394174944371627,0.016551185741321264,DagingKuda
216,15.021739130434778,0.7239918535654357,0.07311990410216156,454.9578926752838,0.0003608191034748025,0.01899523896861533,DagingKuda
217,22.872212176009636,0.4238928470865604,0.10234257418875894,1580.2567811934896,0.00031842905938746815,0.017844580672783213,DagingKuda
218,9.689969604863219,0.41831548585289596,0.20078031504575936,434.5501519756838,0.0020803628528520183,0.04561099486803613,DagingKuda
219,9.728538011695909,0.8128908047623836,0.11721199031440345,194.45976608187138,0.00047274717006942315,0.02174274982768792,DagingKuda
220,7.703852327447833,0.7444290959271233,0.1572020891828331,150.856607811664,0.0009039896099836223,0.030066419972847154,DagingKuda
221,9.801860974274764,0.8996208222968917,0.11788711293003716,180.02079912424733,0.0004590795670009754,0.021426142139941463,DagingKuda
222,10.819883040935673,0.8423922852177612,0.10820180275609154,236.7295906432749,0.0004123798775691667,0.02030713858644705,DagingKuda
223,9.245653253849975,0.7414249653572915,0.11305170795850478,156.12444113263786,0.0006222901858239376,0.024945744844039785,DagingKuda
224,18.965530022238696,0.2671900868557146,0.07239269801457145,750.2375833951075,0.0003809139021244629,0.01951701570744008,DagingKuda
225,11.1715367965368,0.8254487327476442,0.14393741877968638,294.50487012987026,0.0005432403294957411,0.023307516587910887,DagingKuda
226,6.487554112554111,0.6412621797324072,0.19407672327910655,123.52579365079362,0.0019211876287092728,0.04383135440194921,DagingKuda
227,8.97681090126703,0.7068213744952957,0.15479942861536589,188.59813530958635,0.000744764005852496,0.02729036470720932,DagingKuda
228,17.56786209629483,0.7206801964331808,0.10284070325020422,922.0778680404201,0.00023956991715952077,0.015478046296594437,DagingKuda
229,25.20187134502925,0.6774134104925443,0.06525468375845164,1401.5518128654976,0.00015125337710748612,0.0122985111744262,DagingKuda
230,18.084784411276953,0.43215742208769886,0.07334223760449676,722.5673714759537,0.00035226283590340194,0.018768666332571474,DagingKuda
231,14.54477611940299,0.6354814598300844,0.07492925141902057,470.0427031509122,0.0004257234419390061,0.020633066711931266,DagingKuda
232,11.68560423688011,0.6838500230453783,0.13129920983944873,450.6490129995184,0.0005693475715525218,0.023861005250251335,DagingKuda
233,13.617090909090908,0.7901356630901276,0.06277115422800152,335.4381818181818,0.00039847933884297514,0.019961947270819427,DagingKuda
234,8.303606237816764,0.6512326103224199,0.14040691673456793,137.87995451591942,0.0010813050633707703,0.03288320336236679,DagingKuda
235,16.0391351943076,0.7199531857051067,0.08447582580791485,601.1507936507935,0.00042309168349596377,0.020569192582499774,DagingKuda
236,12.180500000000002,0.41083466790518136,0.12724123189462655,389.8648333333333,0.0008884027777777775,0.029806086253947824,DagingKuda
237,28.964999083745667,0.4905834423332857,0.08705204151814265,2284.886934212939,0.0002772395601992545,0.01665051231041419,DagingKuda
238,4.776130467012601,0.5001207139655625,0.2534891099445055,78.48480355819126,0.004420486773004302,0.06648674133242131,DagingKuda
239,16.451695906432747,0.4652871911962237,0.12994663890502617,864.0250292397659,0.0005422386375294963,0.02328601806942304,DagingKuda
240,16.225811082400224,0.7614429900692824,0.11437642903453996,737.6122595463678,0.000293414821788517,0.017129355556719492,DagingKuda
241,7.15116279069767,0.8734119463125455,0.18752543610216485,136.04780361757102,0.001302994265489841,0.03609701186372414,DagingKuda
242,7.465028729938578,0.7571084014577281,0.1924498764615785,172.34059837527246,0.0010695725290256531,0.032704319730360594,DagingKuda
243,10.049264069264073,0.8908382743566884,0.1242405510890173,195.88303030303038,0.0004225033263994306,0.02055488570630911,DagingKuda
244,5.615773724707894,0.8902323150908844,0.17848517664563715,55.910017098888574,0.0009640864865584818,0.031049742133526355,DagingKuda
245,8.929325877601741,0.8959406216585405,0.13049098678819074,150.69648959304135,0.0005011207579337541,0.02238572665637089,DagingKuda
246,5.451788963007882,0.7205997581642483,0.23631736731498185,83.42025469981809,0.0019981002180828548,0.04470011429608268,DagingKuda
247,3.9226682408500597,0.8787822971778801,0.25359381421320537,31.20798898071625,0.0023089369669098483,0.04805139921906383,DagingKuda
248,7.269356725146197,0.8442838489227243,0.1757384037240888,132.25859649122805,0.0010749769159741453,0.032786840591526124,DagingKuda
249,6.7955767350928635,0.915577052244937,0.1583030705507569,89.41923264907139,0.0006185402530651329,0.024870469498285166,DagingKuda
250,18.908079645709122,0.503046468597233,0.08069472431139835,810.8554939498562,0.0002927169688778991,0.017108973343771948,DagingSapi
251,21.92807729468599,0.37818395736827115,0.07183436479414554,1050.6636908212563,0.00023742705780765012,0.01540866826846662,DagingSapi
252,23.404226383512928,0.35214776845037976,0.058917221573583124,1075.6915995397012,0.00016098419450636588,0.01268795470146256,DagingSapi
253,22.548313725490175,0.4230371130646575,0.05760477683912931,1015.1270431372541,0.00016216790465205662,0.012734516270830887,DagingSapi
254,14.230101960784305,0.5193657106404111,0.09250172351415488,449.4301960784311,0.00035989357939254085,0.018970861324477097,DagingSapi
255,16.948286135860606,0.6345773909121966,0.07382171658675846,579.9803501503882,0.00018310065453505593,0.013531469045711775,DagingSapi
256,16.87397565993654,0.638778529553987,0.07415156884293067,566.0260836210206,0.00018917404910409903,0.013754055732913802,DagingSapi
257,18.6175845410628,0.6128191115179333,0.08057050511568492,789.2693333333334,0.00022782608695652164,0.015093908935611133,DagingSapi
258,13.25785507246377,0.6900774567502063,0.09258787685818412,383.7751884057972,0.0003593286191042966,0.01895596526437777,DagingSapi
259,16.617432440789077,0.6146985506478985,0.08995274825903063,597.1651825283947,0.0002441797419827754,0.015626251693313258,DagingSapi
260,15.984126256957655,0.5547603256416472,0.0764396774044312,470.985363172,0.00022943099316675124,0.01514697967143124,DagingSapi
261,11.818910948979333,0.4945225222789642,0.13033550710124003,372.08219996441017,0.0008692506783294832,0.02948305747933011,DagingSapi
262,12.368831372549014,0.4754827936194783,0.11571848656189107,354.24475294117633,0.000590623544790465,0.024302747679850214,DagingSapi
263,14.10344988344988,0.7104302150164384,0.09096651721015042,430.4567925407923,0.0002690179253535895,0.016401765921802126,DagingSapi
264,13.57046979865773,0.4080797887422898,0.09663932461236163,395.9381771537212,0.0004715623891060234,0.021715487309890685,DagingSapi
265,20.024887510486316,0.5642073030745091,0.0658238626695726,791.3767953834813,0.00015927528024275935,0.012620431064062722,DagingSapi
266,17.788519714263927,0.7276597493962984,0.07234279737683008,624.4922083534586,0.00015320436928466013,0.012377575258695062,DagingSapi
267,20.43790228371168,0.6017067830495607,0.07455196901750552,927.5432920264798,0.00018883960109988097,0.013741892195031984,DagingSapi
268,16.90433378381475,0.6684233474640058,0.08806904791001686,672.372529033145,0.00026970010224107275,0.01642254859152722,DagingSapi
269,15.865050715611265,0.6795483081405362,0.08730820459650225,530.9591860080843,0.0002225461877455135,0.014917982026585013,DagingSapi
270,20.632191371384998,0.5878788519783835,0.06697030767679056,865.1706449817577,0.00014184694740235608,0.011909951612091296,DagingSapi
271,17.27832879034291,0.7092208076288304,0.07012269479953935,560.1105893671121,0.00016441515430739954,0.012822447282301438,DagingSapi
272,16.44870588235293,0.5950285790560612,0.07834596404446181,554.5292392156857,0.00021421976163014182,0.014636248208818469,DagingSapi
273,16.55901176470587,0.5742070022521164,0.07987813053431164,567.2313254901956,0.00021458048442906535,0.01464856595128224,DagingSapi
274,14.215538278190785,0.6493033545872932,0.0951811864710535,432.2365643266554,0.000264849943900579,0.01627421100700673,DagingSapi
275,16.290267461728924,0.7208679502331136,0.09502853245391901,636.0738570980232,0.00023857910248121364,0.015446006036552416,DagingSapi
276,13.836303274502002,0.7439113854726531,0.09050921355767072,430.1077407638609,0.0002353942939019369,0.015342564775875542,DagingSapi
277,13.637761761534522,0.7145578088824514,0.09365961953191096,416.8912093524769,0.000284335876253074,0.016862261896112098,DagingSapi
278,12.599994324953173,0.683953517321454,0.10669480179365706,343.5385619431358,0.00034775181108824505,0.01864810475861408,DagingSapi
279,18.54560633232331,0.6161389558709133,0.07970990445632614,786.7925916764584,0.00021033430030856177,0.014502906615867103,DagingSapi
280,11.115890196078425,0.7720735668625611,0.10575673131453424,258.97079215686256,0.00032525114955786195,0.01803472066758623,DagingSapi
281,16.35343315453645,0.6447904903393775,0.09452042621323371,660.4318326257726,0.0002828046218746237,0.016816795826631887,DagingSapi
282,22.39729770953557,0.5334572023455694,0.07620297013902999,1134.482560947709,0.00020908570189733628,0.014459796053103111,DagingSapi
283,15.737029571431854,0.5807759684176117,0.10504794379393903,658.8050369929225,0.00042375170060287936,0.020585230156665225,DagingSapi
284,18.51941960784312,0.6018521783275167,0.08415424217170438,821.5192941176462,0.00020555072664359817,0.0143370403725315,DagingSapi
285,10.803742693377211,0.6325628452833597,0.1350005701908292,312.34755405482065,0.0006392258799745267,0.02528291676161053,DagingSapi
286,15.62241075988876,0.6416887166380817,0.08744335038013709,509.42205323193883,0.0002273282620317101,0.015077408995968442,DagingSapi
287,15.24374901960783,0.6678885374225781,0.08921485601261983,498.29435294117604,0.00024434491349480916,0.015631535864872946,DagingSapi
288,11.813674149020015,0.6640949104717483,0.12589775298711203,371.6729923481711,0.0005969113559963787,0.02443176939962349,DagingSapi
289,17.5498385743702,0.533680507568851,0.10016028960075157,778.1634339171777,0.00031901868456575794,0.017861094159254576,DagingSapi
290,15.883775041144077,0.5677768493409197,0.0812771958916694,519.5706827081318,0.0002355630742903175,0.015348064187066638,DagingSapi
291,14.000228792231235,0.7333725520945304,0.08893441494336654,402.4313750413097,0.00021649991489690014,0.014713936077640821,DagingSapi
292,9.746339594801649,0.6990036717599766,0.14570804537464568,271.1635690369443,0.0008834558322403964,0.029722984914715353,DagingSapi
293,17.314821256038652,0.47566909674958086,0.08705116649508723,648.0108599033817,0.0002742124203598684,0.01655936050576436,DagingSapi
294,16.76760784313724,0.609280435799138,0.08320224385702832,597.9475607843133,0.00023754076124567425,0.015412357420124744,DagingSapi
295,16.919674303448765,0.5507233127715782,0.07353916346746803,559.3154269972456,0.00022781038346533067,0.015093388733658545,DagingSapi
296,11.962368627450969,0.6325075935722232,0.12281102639701616,379.96032941176435,0.000652184728950403,0.025537907685446806,DagingSapi
297,15.323905882352932,0.46696430235296194,0.08633535811097515,485.8008941176467,0.00033751326412918077,0.01837153407119778,DagingSapi
298,11.249976470588226,0.6520047157163774,0.11607406603844805,295.72216470588216,0.0004884596386005376,0.022101123016727852,DagingSapi
299,10.225642512077302,0.5067153694904496,0.1378025560383488,298.3857971014495,0.0011267134355527578,0.03356655233342796,DagingSapi
300,14.556031372549008,0.5292625048366766,0.10324200013771066,516.6865411764701,0.00037942317570165265,0.019478787839638603,DagingSapi
301,12.113470725668662,0.5936179543938568,0.10486698732701245,327.18704885448284,0.00044913539797713267,0.0211928147723971,DagingSapi
302,16.925352657004836,0.4616069537911607,0.09740083951097395,673.902898550725,0.00029246796891409374,0.017101694913490118,DagingSapi
303,19.275604142692764,0.3869180125791958,0.06917860105947155,719.6831084144093,0.00022083542364768378,0.014860532414677604,DagingSapi
304,13.45004830917875,0.5403240206567468,0.09877696713085014,384.4910531400968,0.00035384909799528603,0.018810877119243695,DagingSapi
305,11.233706454650074,0.6329573982627099,0.11677667659300035,284.1803187223212,0.00044240029360300586,0.021033313899692693,DagingSapi
306,12.673777777777781,0.6073954969425476,0.11044876352474599,349.704657004831,0.00036457961679385755,0.019093968073552903,DagingSapi
307,16.623555555555555,0.5586907921848282,0.08406037341888516,565.748154589372,0.00022539690541202828,0.015013224350952339,DagingSapi
308,16.574798619102424,0.46169710236590855,0.08600302828371098,562.1467203682396,0.0002502870273180784,0.01582046229786217,DagingSapi
309,14.741913725490182,0.5846303183374172,0.10230576154296928,521.7918901960779,0.00028878345251826155,0.016993629762892374,DagingSapi
310,14.377223529411753,0.5800516832116346,0.10116081666285974,477.38023529411726,0.0003285733179546322,0.01812659145991414,DagingSapi
311,12.881054503609171,0.5900611049213473,0.11682679507429458,402.32276737455123,0.00042280617106262415,0.020562251118557622,DagingSapi
312,12.511137254901953,0.5761753161430828,0.10722850245936728,352.6028705882351,0.00039644678200691995,0.01991097139787308,DagingSapi
313,19.524584161523183,0.40042931440191515,0.07363967068839897,771.3732084946129,0.0002502573873868452,0.015819525510799785,DagingSapi
314,14.4329725490196,0.658341324030644,0.09073699038191704,452.00442352941144,0.0002751733025759319,0.016588348398075436,DagingSapi
315,15.813003452243974,0.5550787298126652,0.09521730934087173,581.531174809081,0.000327959607112723,0.018109655079893792,DagingSapi
316,19.1299450980392,0.5773581440182356,0.0757653053349743,795.5180549019601,0.0002067241830065355,0.014377906071696792,DagingSapi
317,13.657410628019324,0.6418927114087395,0.09061128385609005,380.24048309178755,0.00030809139069756596,0.017552532315810332,DagingSapi
318,15.25979007567041,0.5424860449107144,0.09732529693527009,548.0238169961995,0.00039720046246950703,0.019929888671779052,DagingSapi
319,18.536904272198385,0.4645802497967051,0.07652577007495576,724.6198801198798,0.0002483952621185627,0.015760560336439904,DagingSapi
320,12.46418572597665,0.7196417118938615,0.0952325872237553,328.63591333936324,0.0002682021303677727,0.016376877918815074,DagingSapi
321,14.132077294685994,0.5582467090351857,0.08915284569042206,390.8652946859904,0.00029154341991645096,0.017074642599962407,DagingSapi
322,18.48343620322908,0.5876607159088872,0.07841105384209837,714.7529204589048,0.00021073170308896224,0.014516600948189016,DagingSapi
323,13.857024154589372,0.6234328412905782,0.09981768930746507,440.67225120772946,0.0003083770449718778,0.017560667554847618,DagingSapi
324,14.567947139067838,0.5950495872190538,0.08972269359956163,435.9460259568021,0.00026934691255256645,0.01641179187512949,DagingSapi
325,13.807388235294109,0.549629011981526,0.09683635466490147,427.22181960784286,0.00036125477893117985,0.01900670352615571,DagingSapi
326,17.20976099830795,0.5011020678344889,0.07474382316322874,594.1694162436547,0.00025183605134995165,0.015869343129126412,DagingSapi
327,15.165855072463767,0.5434138688248503,0.0786176772033934,426.80477294685994,0.00024801642978832634,0.01574853738568526,DagingSapi
328,17.08762975405952,0.483930342022694,0.07205958764462563,539.1273420338542,0.00023134929551083986,0.015210170791639385,DagingSapi
329,14.939167276911821,0.6373227444998756,0.0984192006692948,492.99161348816153,0.0002954815384639205,0.01718957644806644,DagingSapi
330,15.387000904509621,0.5800519277567638,0.09696810585507337,526.2299608045826,0.00032421464549198,0.018005961387606604,DagingSapi
331,16.688235294117636,0.5526535756027072,0.07573478585481228,561.5419137254898,0.0002494524875048054,0.01579406494556754,DagingSapi
332,13.824450084602365,0.631875230154945,0.11565714571040361,514.7391603214888,0.0003926760885218489,0.01981605633121406,DagingSapi
333,13.99598981762389,0.6929835504484829,0.10772027586525687,469.90441817484424,0.0003616752568902575,0.01901776161619073,DagingSapi
334,12.485458507010241,0.6890732176111033,0.10291251720255586,336.8289598332704,0.0003579497488879395,0.018919559954923358,DagingSapi
335,14.396089072662265,0.6288204421920246,0.09479596606148005,473.93086962139773,0.00031283307049872366,0.017687087677136778,DagingSapi
336,15.335422319851828,0.6459791049755886,0.1120970782396576,602.4747598742298,0.0003926731494077116,0.01981598217115951,DagingSapi
337,16.24163328595425,0.5738428437301086,0.10293446229996416,646.8012663134768,0.00031965969651036736,0.017879029518135692,DagingSapi
338,16.589374165482184,0.47482522869318955,0.074534520153781,526.9757720635738,0.0002579587128738424,0.016061093140687602,DagingSapi
339,16.0396662161368,0.5182150798774988,0.07418632525639646,504.647764000705,0.0002532553467777411,0.015913998453491854,DagingSapi
340,12.779622690270052,0.6209371285384796,0.10405299086453798,374.9570357927378,0.0003998399704176257,0.019995998860212652,DagingSapi
341,10.521331609566904,0.74628109254682,0.12795471496927213,251.19072104366222,0.0005620625964814647,0.023707859382100797,DagingSapi
342,15.283127115059223,0.6673699705125651,0.0986655917674587,598.2492332910322,0.0002998207165219407,0.01731533183401175,DagingSapi
343,17.472046345350385,0.5141507818104317,0.07730051362720222,629.0488650557778,0.00025093798787545555,0.015841022311563594,DagingSapi
344,15.547922705314011,0.4787385039819999,0.08828701611031467,501.5321932367151,0.0003480999789960093,0.018657437632108257,DagingSapi
345,17.313154154283495,0.3993420371631781,0.0768541551297594,624.4096782530039,0.0003280954657346886,0.018113405691219102,DagingSapi
346,12.064726222053816,0.40780381620898437,0.10360201333181691,329.2576970443352,0.0005905403973517316,0.02430103696042067,DagingSapi
347,15.413597794719387,0.661646619727561,0.10118850612761082,558.7543394926131,0.00031791210993438603,0.017830090014758368,DagingSapi
348,15.094099801234453,0.601770765164955,0.10403104487294584,577.541601283259,0.0003469560670397202,0.018626756750430823,DagingSapi
349,17.567608861726498,0.6099849308059377,0.0977660134811078,753.2498090145145,0.0002828876615124962,0.016819264594877394,DagingSapi
350,13.961656877605165,0.6471617528268455,0.1124072710591303,478.63478116710917,0.0004384417689463203,0.020939001144904698,DagingSapi
351,11.09462893569367,0.6155942124632244,0.10786742736055578,254.49196709307824,0.0005280426990091432,0.022979179685296496,DagingSapi
352,15.2396267525578,0.5114941404478415,0.08353748561905555,460.92918719211866,0.0002832526113277953,0.016830110258931618,DagingSapi
353,15.474372227247272,0.5986845210415536,0.07759898482992529,459.7049791101346,0.00024652681592106027,0.01570117243778503,DagingSapi
354,16.01311336717428,0.51887891234903,0.08830513574494034,543.1489530456852,0.0003289626135547023,0.01813732652721184,DagingSapi
355,16.002233061056586,0.5666587632545655,0.10116809351849307,662.2015631427394,0.0002923263870793845,0.01709755500296415,DagingSapi
356,15.762652366800186,0.6640617602850185,0.10467823019004503,628.1598182366365,0.0003665831845301388,0.01914636217483987,DagingSapi
357,12.653185166042121,0.685293366996428,0.1009667288066535,357.0573717534563,0.000339915560660957,0.018436799089347287,DagingSapi
358,13.74828985507247,0.5522808460682566,0.09696755687755557,407.64510144927556,0.00035225652874046093,0.018768498308081576,DagingSapi
359,15.573975449762923,0.5723873204809271,0.086396593165111,492.76368773137574,0.0002840049523593917,0.01685244647994444,DagingSapi
360,13.443618899944003,0.6876244306684244,0.09119258547444294,369.9284360597836,0.00027334818844999245,0.016533244946168084,DagingSapi
361,11.319873069010011,0.7103505818536422,0.10125523862464107,245.21958363845602,0.00033574654904651864,0.018323388034054144,DagingSapi
362,16.04942116706821,0.7341708672106111,0.10689811965915093,594.9696773814417,0.00030406544048611255,0.017437472307823533,DagingSapi
363,9.212729816147084,0.5594450217288714,0.11987369882142568,154.62080335731417,0.0006578382877231388,0.02564835838261659,DagingSapi
364,6.809152677857714,0.6563450048339596,0.15401814019841092,84.83832933653079,0.0010564752135142409,0.032503464638623386,DagingSapi
